ID,categoria,descripcion,especificacion_minima,cantidad,unidad,proveedor_envio_DK,link_o_busqueda,precio_unit_EUR,precio_total_EUR,etiqueta,fecha
B-MOT,Motor,Motor BLDC outrunner,"Outrunner 6374 190 KV (clase e-skate): 190 KV, ≥ 3000 W, ≥ 80 A, eje Ø8 con saliente ≥ 30 mm, sensor de temperatura",1.0,u,Flipsky / Maytech (envío UE),buscar: flipsky 6374 190KV motor,75.0,75.0,[ESTIMADO],2026-10-01
B-ESC,Electrónica,ESC bidireccional tipo VESC,"≥75 V, ≥100 A continuos, FOC, entrada PPM/ADC, timeout de señal",1.0,u,Flipsky / Makerbase,buscar: VESC 75100,110.0,110.0,[ESTIMADO],2026-10-01
B-BAT,Batería,Batería LiFePO4 con BMS,"2 × LiFePO4 12.8 V 100 Ah en serie (BMS 100 A c/u) — 25.6 V nominal, 100 Ah, BMS ≥ 100 A continuos, ≤ 22.0 kg, IP65+, fabricante permite serie",1.0,u,Distribuidor UE/DK (con BMS y permiso de conexión en serie),buscar: LiFePO4 12V 100Ah Bluetooth BMS serie,380.0,380.0,[ESTIMADO],2026-10-01
B-CHG,Batería,Cargador LiFePO4,"LiFePO4 8S: 29.2 V CC/CV, ≥ 10 A, con corte automático",1.0,u,Distribuidor UE,buscar: LiFePO4 charger 29.2V 10A,60.0,60.0,[ESTIMADO],2026-10-01
B-PROP,Hélice,Hélice comprada,"Hélice aluminio/compuesto 3 palas 10x8 in, cubo con pasador (objetivo de compra, motor eléctrico ~1 kW): D 254 mm, paso 203 mm, 3 palas, AE/A0 ≥ 0.5, bore 16 mm con ranura de pasador",1.0,u,Repuestos de fueraborda eléctrico,buscar: propeller 10 inch electric outboard shear pin 16 mm,60.0,60.0,[ESTIMADO],2026-10-01
B-PIN,Hélice,Pasadores de corte (repuesto ×5),"Ø3.0 mm Al6061-T6 (corta a 23.4 N·m), largo = Ø eje + 6 mm",5.0,u,Torneado propio de varilla Al 6061,buscar: varilla aluminio 6061 3 mm,1.0,5.0,[ESTIMADO],2026-10-01
B-ANODE,Corrosión,Ánodo de sacrificio de aluminio (collar de eje),Aleación Al-Zn-In para agua salobre; collar para eje Ø16,1.0,u,Tienda náutica DK,buscar: aluminium shaft anode 16 mm,12.0,12.0,[ESTIMADO],2026-10-01
B-PUL-M,Transmisión,Polea HTD-5M motor,"HTD-5M 16 dientes, correa 15 mm, bore 8 mm con prisioneros + chavetero o plano",1.0,u,Distribuidor de transmisión (UE),buscar: HTD 5M pulley 15mm bore 8,12.0,12.0,[ESTIMADO],2026-10-01
B-PUL-S,Transmisión,Polea HTD-5M eje,"HTD-5M 48 dientes, correa 15 mm, bore 16 mm con 2 prisioneros a 90°",1.0,u,Distribuidor de transmisión (UE),buscar: HTD 5M pulley 15mm bore 16,22.0,22.0,[ESTIMADO],2026-10-01
B-BELT,Transmisión,Correa HTD-5M,"HTD-5M 415 mm (83 dientes) × 15 mm, refuerzo de fibra de vidrio (1 de repuesto)",2.0,u,Distribuidor de transmisión (UE),buscar: HTD 5M belt 15mm,9.0,18.0,[ESTIMADO],2026-10-01
B-BRG,Transmisión,Rodamiento 6002-2RS inoxidable,"15×32×9, AISI 440C, sellado 2RS",3.0,u,Distribuidor de rodamientos UE,buscar: S6002-2RS stainless bearing,7.0,21.0,[ESTIMADO],2026-10-01
B-BAR16,Material torneado,Barra AISI 316 Ø16 h9,"AISI 316 Ø16 h9, largo ≥ 1392 mm (comprar 1,5 m)",1.0,u,Distribuidor de inox UE,buscar: 316 round bar 16mm 1500mm,35.0,35.0,[ESTIMADO],2026-10-01
B-BAR-PIN,Material torneado,"Barra AISI 316 Ø20 × 300 (pernos de dirección/basculación, separadores)","AISI 316, Ø20 mm, 300 mm",1.0,u,Distribuidor de inox UE,buscar: 316 round bar 20mm,15.0,15.0,[ESTIMADO],2026-10-01
B-POM,Material torneado,Barra POM-C Ø35 × 300 (bujes),"POM-C (acetal copolímero), Ø35, 300 mm",1.0,u,Distribuidor de plásticos técnicos UE,buscar: POM-C rod 35mm,14.0,14.0,[ESTIMADO],2026-10-01
B-TUBE,Estructura,Tubo de cola Al 6061-T6,"Al 6061-T6 (o 6082-T6) Ø40×3, largo 1178 mm, anodizado preferido",1.0,u,Distribuidor de aluminio UE,buscar: 6061 T6 tube 40x3,30.0,30.0,[ESTIMADO],2026-10-01
B-TILLER,Estructura,Tubo de caña Al 6061-T6 Ø30×3 × 700,"Al 6061-T6, Ø30×3, 700 mm",1.0,u,Distribuidor de aluminio UE,buscar: 6061 T6 tube 30x3,15.0,15.0,[ESTIMADO],2026-10-01
B-ALPLATE,Electrónica,Chapa Al 5052/6082 4 mm (tapa-disipador ESC),≥ 160×110×4 mm,1.0,u,Distribuidor de aluminio UE,buscar: aluminium plate 4mm 5052,10.0,10.0,[ESTIMADO],2026-10-01
B-FUSE,Eléctrico,Fusible principal + portafusible estanco,"100 A (MIDI/ANL), ≥ 32 V DC, portafusible estanco a ≤ 18 cm del borne +",1.0,u,Tienda náutica / automotriz DK,buscar: MIDI fuse holder waterproof,18.0,18.0,[ESTIMADO],2026-10-01
B-SW,Eléctrico,Desconectador de batería marino,"≥ 100 A continuos, 32 V DC, con llave/perilla",1.0,u,Tienda náutica DK,buscar: marine battery switch 100A,20.0,20.0,[ESTIMADO],2026-10-01
B-CONT,Seguridad,Contactor monoestable de emergencia (bobina en serie con cordón + seta),"NA, ≥ 100 A continuos, corte bajo carga ≥ 48 V CC, bobina 24 V (o 12–48 V) ≤ 13 W, con supresor diodo+R o TVS (research/R06: clase Albright SW80)",1.0,u,Distribuidor de componentes EV / náutico,https://www.albrightinternational.com/wpcms/wp-content/uploads/2020/08/SW80-Data-Sheet.pdf,90.0,90.0,[ESTIMADO: precio; ficha VERIFICADO research/R06],2026-10-01
B-KILL,Seguridad,"Interruptor de hombre al agua con cordón, contacto CERRADO con clip (fail-safe)","Cerrado con clip / abierto sin clip, ≥ 1 A (bobina), cordón en espiral con mosquetón (p. ej. Sea Dog SD-420487-1, 5 A)",1.0,u,Tienda náutica,https://shop.hamiltonmarine.com/products/sea-dog-switch-kill-gray-cap-with-lanyard-normall-closed-29836.html,15.0,15.0,"[VERIFICADO: research/R06 15,69 USD; EUR ESTIMADO]",2026-10-01
B-ESTOP,Seguridad,"Seta de emergencia NC con enclavamiento, IP65","Contacto NC ≥ 1 A, montaje Ø22, IP65, girar para rearmar",1.0,u,Distribuidor eléctrico DK,buscar: emergency stop button 22mm NC IP65,12.0,12.0,[ESTIMADO],2026-10-01
B-ASW,Seguridad,Interruptor antichispa MOSFET aguas abajo del contactor (solo arranque suave / precarga),"≥ 100 A, ≤ 60 V; NO es elemento de seguridad (falla en corto, research/R06)",1.0,u,Flipsky / similar,https://flipsky.net/products/flipsky-antispark-switch-pro-with-aluminum-pcb-case-200a-for-electric-skateboard-ebike-scooter-robots,35.0,35.0,[ESTIMADO: precio; producto VERIFICADO research/R06],2026-10-01
B-CFUSE,Seguridad,Fusible de mando del circuito de bobina + portafusible,"2 A, en línea, estanco",1.0,u,Tienda automotriz,buscar: inline fuse holder waterproof 2A,5.0,5.0,[ESTIMADO],2026-10-01
B-CAB-DC,Eléctrico,"Cable marino estañado (batería–ESC, rojo+negro)","16 mm² cobre estañado, aislación 105 °C (caída 1.2 % a 66 A)",3.8,m,Tienda náutica DK,buscar: tinned marine cable 10mm2,4.0,15.2,"[ESTIMADO, €/m]",2026-10-01
B-CAB-PH,Eléctrico,"Cable de fases (ESC–motor, 3 conductores)","10 mm² cobre estañado, 3 conductores (caída 2.7 % a 70 A)",7.5,m,Tienda náutica DK,buscar: tinned marine cable 10mm2,4.0,30.0,"[ESTIMADO, €/m]",2026-10-01
B-CONN,Eléctrico,Conectores de potencia (fases desmontables) + terminales de ojo,Bala 5.5 mm dorados o MR60/XT90; terminales estañados 10 mm² M8,1.0,u,Distribuidor RC / automotriz,buscar: 5.5mm bullet connector 10 pairs,15.0,15.0,"[ESTIMADO, juego]",2026-10-01
B-GLAND,Eléctrico,Prensaestopas IP68 con junta CR anti-UV (tipo LAPP SKINTOP ST-M) + contratuerca,5 × M16×1.5 (un cable redondo por prensaestopas) + 1 × M12×1.5; IP68 5 bar/30 min,6.0,u,Distribuidor eléctrico DK,buscar: LAPP SKINTOP ST-M M16 IP68,3.0,18.0,[ESTIMADO: precio; tipo VERIFICADO research/R05 S40],2026-10-01
B-VENT,Sellado,Respiradero de membrana (caja ESC) contra bombeo térmico,"M12, membrana ePTFE IP68",1.0,u,Distribuidor eléctrico,buscar: M12 breather vent membrane IP68,6.0,6.0,[ESTIMADO; necesidad VERIFICADO research/R03],2026-10-01
B-VRING,Sellado,V-ring excluidor en la boca superior del eje (con drenaje),V-ring NBR para eje Ø15–17 (tipo VA 0016),2.0,u,Distribuidor de juntas,buscar: V-ring VA 16 NBR,3.0,6.0,[ESTIMADO; función VERIFICADO research/R05],2026-10-01
B-STOP,Montaje,Tope de goma Ø25 con espárrago M8 (tope de marcha / trimado),"NBR/EPDM Ø25×15, espárrago M8 A2/A4",1.0,u,Ferretería industrial,buscar: rubber bumper M8 25mm stud,3.0,3.0,[ESTIMADO],2026-10-01
B-CARTBAR,Material torneado,Barra Al 6082-T6 Ø55 × 60 (cartucho del rodamiento A),Al 6082-T6 o 6061-T6,1.0,u,Distribuidor de aluminio UE,buscar: aluminium round bar 55mm 6082,8.0,8.0,[ESTIMADO],2026-10-01
B-PLATE6,Estructura,Chapa Al 6082-T6 6 mm (placa motriz HSG-01),≥ 210 × 90 × 6 mm,1.0,u,Distribuidor de aluminio UE,buscar: aluminium plate 6mm 6082 T6,12.0,12.0,[ESTIMADO],2026-10-01
B-PLATE10,Estructura,Chapa Al 6082-T6 10 mm (placa de caña HSG-07),≥ 80 × 165 × 10 mm,1.0,u,Distribuidor de aluminio UE,buscar: aluminium plate 10mm 6082 T6,12.0,12.0,[ESTIMADO],2026-10-01
B-SIGNAL,Electrónica,Conector de señal estanco 4 polos (caña ↔ caja ESC),"IP68, 4 polos, ≥ 2 A",1.0,u,Distribuidor electrónico,buscar: IP68 waterproof connector 4 pin,8.0,8.0,[ESTIMADO],2026-10-01
B-MCU,Electrónica,Microcontrolador (acelerador/seguridad),Arduino Nano compatible ATmega328P 5 V o RP2040,1.0,u,Distribuidor electrónico,buscar: Arduino Nano ATmega328P,8.0,8.0,[ESTIMADO],2026-10-01
B-HALL,Electrónica,Sensor hall lineal + imán,SS49E o A1324 (ratiométrico 5 V) + imán NdFeB Ø10×3 diametral,1.0,u,Distribuidor electrónico,buscar: SS49E linear hall sensor,5.0,5.0,[ESTIMADO],2026-10-01
B-DCDC,Electrónica,Regulador DC-DC 24→5 V,"Entrada 12–36 V, 5 V 1 A, aislado opcional",1.0,u,Distribuidor electrónico,buscar: DC-DC buck 24V to 5V 1A,5.0,5.0,[ESTIMADO],2026-10-01
B-ORING,Sellado,Cordón de O-ring NBR70 3.53 mm (caja ESC) + cianoacrilato + grasa de silicona,"NBR 70 Shore A, Ø3.53 mm, 1 m; grasa de silicona (no mineral)",1.0,u,Distribuidor de juntas,buscar: o-ring cord 3.53mm NBR70,8.0,8.0,[ESTIMADO; especificación VERIFICADO research/R05],2026-10-01
B-SPRING,Montaje,Émbolo de bola con resorte M12 inox (retén de basculación),"M12 inox, bola, fuerza de punta ≥ 121 N (o resorte + bola Ø10 ajustable)",2.0,u,Distribuidor de elementos normalizados UE,buscar: stainless spring plunger M12 heavy,7.0,14.0,[ESTIMADO],2026-10-01
B-HW,Tornillería,"Tornillería A4 (M5/M6/M8/M12/M16), tuercas nyloc, arandelas",Ver 06_ensamblaje_y_pruebas.md (lista de tornillería),1.0,u,Ferretería / distribuidor A4,buscar: A4 stainless bolt assortment M6,45.0,45.0,"[ESTIMADO, juego]",2026-10-01
B-CLAMP,Tornillería,Tornillos de apriete de popa M12 A4 con mango en T (o varilla + manija) + placa de reparto A4 40×40×4,"M12 A4-70, largo ≥ 140 mm (espejos 20–65 mm), apriete ≤ 2.5 N·m; placa de reparto A4 40×40×4 tras la tuerca",2.0,u,Ferretería,buscar: M12 T handle clamp screw stainless,8.0,16.0,[ESTIMADO],2026-10-01
B-INS,Tornillería,Insertos térmicos M4/M6 (inox preferido; latón solo en piezas secas),"M4×8.1 (×10), M6×12.7 (×16)",1.0,u,Distribuidor 3D,buscar: heat set insert M6 stainless,15.0,15.0,"[ESTIMADO, juego]",2026-10-01
B-ISO,Corrosión,Compuesto aislante anti-galvánico + arandelas/vainas aislantes,Tipo Tef-Gel/Duralac; arandelas nylon/G10 M6–M12; vainas PTFE para perno de carcasa inferior,1.0,u,Tienda náutica,buscar: Tef-Gel 1/2 oz,25.0,25.0,[ESTIMADO],2026-10-01
B-WASH,Montaje,Arandela UHMW/PTFE Ø90 × 1.5 (plato de dirección),UHMW-PE o PTFE 1.5 mm,1.0,u,Distribuidor de plásticos,buscar: UHMW sheet 1.5mm,6.0,6.0,[ESTIMADO],2026-10-01
B-LANYARD,Seguridad,Cabo de seguridad unidad→bote + cáncamo M8 A4 + mosquetón inox,"Cabo 6 mm ≥ 3 kN, cáncamo M8 A4",1.0,u,Tienda náutica,buscar: stainless eye bolt M8 A4,15.0,15.0,[ESTIMADO],2026-10-01
B-BOX,Batería,Caja de batería ventilada con correas de sujeción,"Para 2 baterías 12 V 100 Ah, polipropileno, tapa",1.0,u,Tienda náutica DK,buscar: battery box marine 100Ah,30.0,30.0,[ESTIMADO],2026-10-01
B-PETG,Filamento,Filamento PETG 1.75 mm,"PETG 1,75 mm; masa impresa 5.82 kg + 30 % (probetas, fallas)",8.0,kg,Distribuidor 3D UE,buscar: PETG filament 1kg 1.75,22.0,176.0,"[ESTIMADO, €/kg]",2026-10-01
B-EPOXY,Fabricación,Epoxi estructural/sellado (recubrimiento de caja ESC y sensor),Epoxi 2 componentes de baja viscosidad,1.0,u,Ferretería / náutica,buscar: epoxy resin marine low viscosity,18.0,18.0,[ESTIMADO],2026-10-01
P1-DRV-01,Pieza torneada,P1-DRV-01_shaft — Eje de hélice 316 Ø16 torneado,AISI 316; plano en 04_diseno/planos/,1,u,fabricación propia,04_diseno/step/P1-DRV-01_shaft.step,0.0,0.0,[CALCULADO] costo en B-PETG / barras,2026-10-01
P1-DRV-02,Pieza torneada,P1-DRV-02_tube_bushing — Buje POM Ø16.3×Ø34×40 (×3),POM-C; plano en 04_diseno/planos/,3,u,fabricación propia,04_diseno/step/P1-DRV-02_tube_bushing.step,0.0,0.0,[CALCULADO] costo en B-PETG / barras,2026-10-01
P1-DRV-03,Pieza torneada,"P1-DRV-03_bridge_spacer — Separador Ø12/Ø6.5 (×2), 316",AISI 316; plano en 04_diseno/planos/,2,u,fabricación propia,04_diseno/step/P1-DRV-03_bridge_spacer.step,0.0,0.0,[CALCULADO] costo en B-PETG / barras,2026-10-01
P1-DRV-08,Pieza torneada,P1-DRV-08_bearing_cartridge — Cartucho rodamiento A (Al 6082 torneado),Al 5052/6082; plano en 04_diseno/planos/,1,u,fabricación propia,04_diseno/step/P1-DRV-08_bearing_cartridge.step,0.0,0.0,[CALCULADO] costo en B-PETG / barras,2026-10-01
P1-ELE-01,Pieza impresa,P1-ELE-01_esc_box — Caja estanca del ESC (O-ring + prensaestopas),"PETG; 553 g c/u; 30.7 h c/u; Fondo sobre la cama; la cara del O-ring queda arriba, lisa (última capa + lijado).",1,u,fabricación propia,04_diseno/step/P1-ELE-01_esc_box.step,0.0,0.0,[CALCULADO] costo en B-PETG / barras,2026-10-01
P1-ELE-02,Pieza torneada,P1-ELE-02_esc_lid_heatsink — Tapa-disipador Al 4 mm (mecanizada),Al 5052/6082; plano en 04_diseno/planos/,1,u,fabricación propia,04_diseno/step/P1-ELE-02_esc_lid_heatsink.step,0.0,0.0,[CALCULADO] costo en B-PETG / barras,2026-10-01
P1-ELE-03,Pieza impresa,P1-ELE-03_throttle_grip — Puño giratorio del acelerador (imán),PETG; 102 g c/u; 5.6 h c/u; Eje vertical (Z): anillos de capa en la dirección del torque.,1,u,fabricación propia,04_diseno/step/P1-ELE-03_throttle_grip.step,0.0,0.0,[CALCULADO] costo en B-PETG / barras,2026-10-01
P1-ELE-04,Pieza impresa,P1-ELE-04_hall_housing — Collar del sensor hall (fijo a la caña),PETG; 71 g c/u; 4.0 h c/u; Eje vertical (Z).,1,u,fabricación propia,04_diseno/step/P1-ELE-04_hall_housing.step,0.0,0.0,[CALCULADO] costo en B-PETG / barras,2026-10-01
P1-HSG-01,Pieza torneada,P1-HSG-01_drive_plate — Placa motriz Al 6082-T6 6 mm (motor + cartucho + tensado),Al 5052/6082; plano en 04_diseno/planos/,1,u,fabricación propia,04_diseno/step/P1-HSG-01_drive_plate.step,0.0,0.0,[CALCULADO] costo en B-PETG / barras,2026-10-01
P1-HSG-02,Pieza impresa,P1-HSG-02_bearing_bridge — Puente del rodamiento B (polea entre apoyos),PETG; 68 g c/u; 3.8 h c/u; Plana (u = Z): reacción radial en el plano de capas; alojamiento vertical.,1,u,fabricación propia,04_diseno/step/P1-HSG-02_bearing_bridge.step,0.0,0.0,[CALCULADO] costo en B-PETG / barras,2026-10-01
P1-HSG-03,Pieza impresa,P1-HSG-03_belt_guard — Cubrecorrea / protección de poleas,"PETG; 149 g c/u; 8.3 h c/u; Cara cerrada sobre la cama, abierto arriba (sin puentes).",1,u,fabricación propia,04_diseno/step/P1-HSG-03_belt_guard.step,0.0,0.0,[CALCULADO] costo en B-PETG / barras,2026-10-01
P1-HSG-04,Pieza impresa,P1-HSG-04_tiller_clamp — Abrazadera del tubo de caña sobre la placa Al (×2),PETG; 24 g c/u; 1.3 h c/u; De canto: la media caña y los pernos en el plano de capas.,2,u,fabricación propia,04_diseno/step/P1-HSG-04_tiller_clamp.step,0.0,0.0,[CALCULADO] costo en B-PETG / barras,2026-10-01
P1-HSG-05,Pieza impresa,P1-HSG-05_motor_hood — Capó ventilado del motor,"PETG; 66 g c/u; 3.7 h c/u; Cara trasera sobre la cama (techo y laterales verticales, sin puentes largos).",1,u,fabricación propia,04_diseno/step/P1-HSG-05_motor_hood.step,0.0,0.0,[CALCULADO] costo en B-PETG / barras,2026-10-01
P1-HSG-07,Pieza torneada,P1-HSG-07_tiller_plate — Placa de caña Al 6082-T6 10 mm (mecanizada),Al 5052/6082; plano en 04_diseno/planos/,1,u,fabricación propia,04_diseno/step/P1-HSG-07_tiller_plate.step,0.0,0.0,[CALCULADO] costo en B-PETG / barras,2026-10-01
P1-MNT-01,Pieza impresa,P1-MNT-01_clamp_bracket — Abrazadera de popa (C) + plato de dirección,PETG; 1857 g c/u; 103.2 h c/u; Perfil x-z sobre la cama (ancho y = Z de impresión): cargas en el plano XY de capas.,1,u,fabricación propia,04_diseno/step/P1-MNT-01_clamp_bracket.step,0.0,0.0,[CALCULADO] costo en B-PETG / barras,2026-10-01
P1-MNT-02,Pieza impresa,P1-MNT-02_clamp_pad — Zapata giratoria del tornillo de apriete (aislante),"PETG; 18 g c/u; 1.0 h c/u; Plana, cara de apoyo sobre la cama; compresión a través de capas (admisible).",2,u,fabricación propia,04_diseno/step/P1-MNT-02_clamp_pad.step,0.0,0.0,[CALCULADO] costo en B-PETG / barras,2026-10-01
P1-MNT-03,Pieza impresa,P1-MNT-03_yoke_base — Base de horquilla / plato de dirección,PETG; 180 g c/u; 10.0 h c/u; Plana: momentos de vuelco en el plano de capas.,1,u,fabricación propia,04_diseno/step/P1-MNT-03_yoke_base.step,0.0,0.0,[CALCULADO] costo en B-PETG / barras,2026-10-01
P1-MNT-04,Pieza impresa,P1-MNT-04_yoke_cheek — Mejilla de horquilla con perno de basculación y retén,PETG; 107 g c/u; 5.9 h c/u; Plana (espesor = Z): flexión de la mejilla en el plano de capas.,2,u,fabricación propia,04_diseno/step/P1-MNT-04_yoke_cheek.step,0.0,0.0,[CALCULADO] costo en B-PETG / barras,2026-10-01
P1-MNT-05,Pieza impresa,P1-MNT-05_cradle — Cuna basculante (pivote + abrazadera del tubo + base de placa motriz),PETG; 1177 g c/u; 65.4 h c/u; De canto (w = Z): flexión del tubo y empuje en el plano u–v = plano de capas.,1,u,fabricación propia,04_diseno/step/P1-MNT-05_cradle.step,0.0,0.0,[CALCULADO] costo en B-PETG / barras,2026-10-01
P1-MNT-06,Pieza impresa,P1-MNT-06_cradle_cap — Tapa inferior de la cuna (abrazadera del tubo),"PETG; 162 g c/u; 9.0 h c/u; Cara inferior sobre la cama, media caña hacia arriba (sin soportes).",1,u,fabricación propia,04_diseno/step/P1-MNT-06_cradle_cap.step,0.0,0.0,[CALCULADO] costo en B-PETG / barras,2026-10-01
P1-MNT-07,Pieza torneada,"P1-MNT-07_swivel_pin — Perno de dirección Ø16 × L (316 torneado, rosca M16 inferior)",AISI 316; plano en 04_diseno/planos/,1,u,fabricación propia,04_diseno/step/P1-MNT-07_swivel_pin.step,0.0,0.0,[CALCULADO] costo en B-PETG / barras,2026-10-01
P1-MNT-08,Pieza torneada,"P1-MNT-08_tilt_pin — Perno de basculación Ø12 (316 torneado, 2 ranuras DIN 471)",AISI 316; plano en 04_diseno/planos/,1,u,fabricación propia,04_diseno/step/P1-MNT-08_tilt_pin.step,0.0,0.0,[CALCULADO] costo en B-PETG / barras,2026-10-01
P1-MNT-09,Pieza torneada,P1-MNT-09_swivel_bushing — Buje POM Ø16×Ø24 (dirección),POM-C; plano en 04_diseno/planos/,1,u,fabricación propia,04_diseno/step/P1-MNT-09_swivel_bushing.step,0.0,0.0,[CALCULADO] costo en B-PETG / barras,2026-10-01
P1-MNT-10,Pieza torneada,P1-MNT-10_pivot_bushing — Buje POM Ø12×Ø20 (basculación),POM-C; plano en 04_diseno/planos/,1,u,fabricación propia,04_diseno/step/P1-MNT-10_pivot_bushing.step,0.0,0.0,[CALCULADO] costo en B-PETG / barras,2026-10-01
P1-PRP-01,Pieza impresa,P1-PRP-01_guard_segment — Segmento de aro protector perfilado (×6),PETG; 113 g c/u; 6.3 h c/u; Eje del anillo = Z: impactos radiales y flexión del arco en el plano de capas.,6,u,fabricación propia,04_diseno/step/P1-PRP-01_guard_segment.step,0.0,0.0,[CALCULADO] costo en B-PETG / barras,2026-10-01
P1-PRP-02,Pieza impresa,P1-PRP-02_skeg — Patín sacrificial bajo la hélice (cintura fusible),"PETG; 87 g c/u; 4.8 h c/u; Plano u–v sobre la cama: flexión en el plano de capas, rotura predecible en la cintura.",1,u,fabricación propia,04_diseno/step/P1-PRP-02_skeg.step,0.0,0.0,[CALCULADO] costo en B-PETG / barras,2026-10-01
P1-PRP-05,Pieza impresa,P1-PRP-05_antivent_plate — Placa antiventilación sobre la hélice,PETG; 76 g c/u; 4.2 h c/u; Plana: flexión en el plano de capas.,1,u,fabricación propia,04_diseno/step/P1-PRP-05_antivent_plate.step,0.0,0.0,[CALCULADO] costo en B-PETG / barras,2026-10-01
P1-SAF-01,Pieza impresa,P1-SAF-01_killswitch_mount — Soporte de kill switch con cordón (en la caña),PETG; 39 g c/u; 2.1 h c/u; Eje del collar = Z; tirón del cordón en el plano de capas de la placa.,1,u,fabricación propia,04_diseno/step/P1-SAF-01_killswitch_mount.step,0.0,0.0,[CALCULADO] costo en B-PETG / barras,2026-10-01
P1-STR-01,Pieza impresa,P1-STR-01_lower_housing — Carcasa inferior + aleta/brazo/montura del protector,PETG; 264 g c/u; 14.7 h c/u; De canto (w = Z): fuerzas del patín y del protector en el plano de capas.,1,u,fabricación propia,04_diseno/step/P1-STR-01_lower_housing.step,0.0,0.0,[CALCULADO] costo en B-PETG / barras,2026-10-01
,,SUBTOTAL compras,,,,,,,1608.2,[CALCULADO],2026-10-01
,,Envío (10 %),,,,,,,160.82,[CALCULADO],2026-10-01
,,Imprevistos (10 %),,,,,,,160.82,[CALCULADO],2026-10-01
,,TOTAL EUR,,,,,,,1929.84,[CALCULADO],2026-10-01
,,TOTAL DKK,,,,,,,14396.61,[CALCULADO],2026-10-01
